animal_type,live_rate,n
Dog,0.9775386055217595,40603
Cat,0.97405614714424,30990
Other,0.7424975798644724,1033
Bird,0.8354978354978355,231
Livestock,1.0,20
