intake_type,live_rate,n
Stray,0.9774904973075704,50512
Owner Surrender,0.9791591374533188,16602
Public Assist,0.9376231122783979,4569
Abandoned,0.9922737306843267,906
Wildlife,0.09090909090909091,264
Euthanasia Request,0.7916666666666666,24
